entity_id,relevant,wildlife,contactable,problem,source_categories,n_sources,name,address,telephone,e-mail,station_url,service_area,accepted_animals,description,source_urls
1147,yes,yes,yes,,LIST,1,Eulen- und Greifvogelschutz Appenheim e.V.,"Kloppgasse 15, 55437 Appenheim","[""0151 - 20 455 156""]",,"[""https://eulen-greifvogelschutz.de/""]",Appenheim,"[""[\""Eulen\"", \""Greifv\\u00f6gel\""]""]",,https://vbu-ffm.de/pflegestationen.shtml
1173,yes,yes,yes,,LIST,2,Greifvogelpflegestation Lampertheim,"Heide 47, 68623 Lampertheim","[""06206-912030"", ""06206 912 030""]","[""ron.kilian@bps-kilian.de""]",,Lampertheim,"[""[\""Greifv\\u00f6gel\"", \""Eulen\""]""]",,https://vbu-ffm.de/pflegestationen.shtml https://wildtierschutz-deutschland.de/wildtier-notfall/wildtierauffangstationen-hessen-rheinland-pfalz-saarland
1192,yes,no,yes,translated: description rendered in English,HUB|IRRELEVANT|SHELTER|STATION,11,Tierschutzverein Löffingen,"Hebelstraße 9, 79843 Löffingen","[""07654 - 314"", ""07654-314""]","[""info@tierheim-loeffingen.de""]","[""https://tierheim-loeffingen.de/""]","Löffingen, Titisee-Neustadt, Hüfingen, Donaueschingen","[""[]"", ""[\""Kittens\""]"", ""[\""Kittens\"", \""Mice\"", \""Small rodents\"", \""Wild free-roaming cats\"", \""Dogs\"", \""Pet birds\"", \""Wild animals\"", \""Exotic animals\"", \""Domestic livestock\""]"", ""[\""Cats\"", \""Dogs\"", \""Small mammals (Hamsters, Guinea pigs, Dwarf rabbits, Rabbits)\"", \""Wild stray cats\""]"", ""[\""Kittens\"", \""Rabbits\"", \""Guinea pigs\"", \""Dogs (rarely)\"", \""Cats\""]"", ""[\""Kittens\"", \""Cats of all ages\"", \""Small animals like rabbits or guinea pigs\""]""]","Since 1996, our association has operated a Tierauffangstation (animal rescue station) with an animal shelter. It is the only animal shelter along the B31 between Freiburg and Donaueschingen and likely the smallest in Germany with approx. 140 sqm of usable area. The station accepts all animals that are in distress or cannot be cared for by their owners. Our shelter includes a cat house with an outdoor run (including a small animal room), a free-access retreat space for wild stray cats, a quarantine house with four cat boxes and two dog boxes including an office and storage area. A large forecourt ('Summer Frische') connects both houses and is used extensively in summer months.",http://tierheim-loeffingen.de/ http://tierheim-loeffingen.de/aktuell.html http://tierheim-loeffingen.de/geldspenden.html http://tierheim-loeffingen.de/helfen.html http://tierheim-loeffingen.de/kontakt.html http://tierheim-loeffingen.de/kontakt/30-tierschutzverein-loeffingen.html http://tierheim-loeffingen.de/tierheim/aufgaben-im-tierheim.html http://tierheim-loeffingen.de/tierheim/oeffnungszeiten.html http://tierheim-loeffingen.de/tierheim/tierauffangstation.html http://tierheim-loeffingen.de/ti
1240,yes,yes,yes,formatting: postcode prefixes as address,LIST,1,Eichhörnchen in Not - München,80... - 81...,"[""0176-55376864""]",,"[""https://www.xn--eichhrnchen-in-not-h3b.de/bayern/m\u00fcnchen/""]",München,"[""[]""]",,https://xn--eichhrnchen-in-not-h3b.de/bayern
1242,yes,yes,yes,formatting: markup inside telephone,LIST,1,"Eichhörnchen in Not - Bamberg, Forchheim, Erlangen, Fürth, Schwabach, Nürnberg, Höchstadt",904...913..,"[""0174-7601646## 0160-8149003""]",,"[""https://www.xn--eichhrnchen-in-not-h3b.de/bayern/bamberg-forchheim-erlangen-f\u00fcrth-schwabach-n\u00fcrnberg-h\u00f6chstadt/""]","Nürnberg, Bamberg, Erlangen, Fürth, Schwabach, Höchstadt","[""[]""]",,https://xn--eichhrnchen-in-not-h3b.de/bayern
1256,yes,no,yes,,SHELTER,1,Tierheim Passau,"Kelberger Weg 13a, 94036 Passau","[""0851/2502""]","[""info@tierheim-passau.de""]","[""https://tierheim-passau.de/""]",Passau,"[""[\""Hunde\"", \""Katzen\"", \""Kleintiere\""]""]","Das Tierheim liegt idyllisch und leicht erreichbar am Stadtrand von Passau. Wir helfen Tieren, die ausgesetzt wurden, familiär vertrieben wurden oder tierquälerischen Haltern entzogen werden müssen. Wir versorgen die Tiere und ziehen bei Krankheit einen Tierarzt hinzu. Unser Ziel ist es, die Tiere in ein liebevolles dauerhaftes Zuhause zu vermitteln.",http://tierschutzbewegung.de/
1264,yes,no,yes,,SANCTUARY,1,Elztal-Gnadenhof,,,,"[""https://www.elztal-gnadenhof.de/""]",,"[""[\""Hunde\"", \""Katzen\"", \""Riesenschwein\"", \""G\\u00e4nsen\"", \""Enten\"", \""H\\u00fchnern\"", \""Meerschweinchen\"", \""Hasen\"", \""Igel\"", \""Chinchillas\""]""]","Vor 30 Jahren fing alles an mit zwei kleinen Hunden. Der Schwerpunkt liegt heute bei nicht vermittelbaren, chronisch kranken (Krebs, Arthrose, Herz usw.), seelisch gestörten und vor allem alten Hunden, die eine Dauermedikation benötigen. Spezialisiert haben wir uns besonders auf große Hunderassen, wie Dobermann und Rottweiler, die durch Überzüchtung für Herz- und Gelenkkrankheiten vorbelastet sind. Und Hunde, bei denen die Vorurteile - auch tierlieber Menschen - größer sind als die Hilfsbereitschaft ! Die Hunde sind paarweise im Haus untergebracht und haben einen großen Freilauf zum Toben und Spielen. Zwingerhaltung gibt es bei uns nicht.",https://elztal-gnadenhof.de.tl/
1268,yes,yes,yes,,STATION,1,FreiKitz – Freiensteinauer Kitzrettung e. V.,"c/o Christine Dietrich, Hofweg 4, 36399 Freiensteinau","[""0160-2772337""]","[""freikitz@gmx.de""]","[""https://freikitz.de/""]",,"[""[]""]",,https://freikitz.de/kontakt
1278,yes,no,yes,,SHELTER,1,SOS Meerschweinchen e.V.,,"[""06340-6833""]","[""info@sos-meerschweinchen.de""]","[""https://www.sos-meerschweinchen.de""]",,"[""[]""]","Liebe Meerschweinchenfreunde, schön, dass ihr den Weg zu uns gefunden habt! Die letzten Jahre waren für unseren Verein nicht immer leicht. Wie viele andere Tierschutzvereine haben auch wir gemerkt, wie schwierig es geworden ist, genügend aktive Unterstützung zu finden. Umso mehr freuen wir uns, nun mit neuer Kraft nach vorne zu blicken: Mit neuem Vorstand, frischen Ideen, viel Motivation und unseren langjährigen aktiven Mitgliedern im Hintergrund möchten wir gemeinsam ein neues Kapitel für SOS-Meerschweinchen e.V. aufschlagen. Auch wenn wir aktuell noch keine Tiere aufnehmen können, arbeiten wir im Hintergrund mit Hochdruck daran, dies schnellstmöglich zu ändern, damit wir bald wieder vielen Fellnasen helfen können. Dafür brauchen wir vor allem eins: Pflegestellen! Wenn ihr Platz, Zeit und Lust habt, Meerschweinchen auf ihrem Weg in ein neues Zuhause zu begleiten, meldet euch gerne bei uns - wir freuen uns über jede helfende Hand.",https://sos-meerschweinchen.de/
1304,yes,no,yes,,SHELTER,2,Tierheim Mannheim,,"[""+49 621 311151""]",,"[""https://www.tierheim-mannheim.de/""]",,"[""[\""Hunde\"", \""Katzen\"", \""Nager\"", \""V\\u00f6gel\"", \""Exoten\""]""]",,http://tierheim-mannheim.de/ http://tierheim-mannheim.net/kontakt
1362,yes,no,yes,,LIST,1,"Tierschutzverein Strausberg, Rüdersdorf u.U.e.V.","Ernst-Thälmann-Straße 45, 15344 Strausberg","[""0175 2308427""]",,"[""https://www.tierheim-gesucht.de/tierheime/strausberg""]","Strausberg, Rüdersdorf","[""[]""]",,https://tierheim-gesucht.de/tierheime/brandenburg
1376,yes,no,yes,,LIST,1,Tierschutzverein Ostprignitz- Ruppin e.V.,"Ernst-Toller-Str. 6, 16816 Neuruppin","[""0173 6341704""]",,"[""https://www.tierheim-gesucht.de/tierheime/neuruppin""]",Neuruppin,"[""[]""]",,https://tierheim-gesucht.de/tierheime/brandenburg
1389,yes,no,yes,,LIST,1,Tierschutzverein Fliedetal e.V.,"Emil-Sauer-Str. 20, 36119 Neuhof","[""0171 8587169""]",,"[""https://www.tierheim-gesucht.de/tierheime/neuhof""]",Neuhof,"[""[]""]",,https://tierheim-gesucht.de/tierheime/hessen
1418,yes,no,yes,formatting: street number fused with postcode,LIST,1,Tierschutzverein Salzgitter,Am Pfingstanger 4038259 Salzgitter,"[""05341 47886""]",,"[""https://www.tierheim-gesucht.de/tierheime/salzgitter""]",Salzgitter,"[""[]""]",,https://tierheim-gesucht.de/tierheime/niedersachsen
1423,yes,no,yes,formatting: street number fused with postcode,LIST,1,Tierheim Meppen,Fuchsweg 249733 Haren,"[""05932 4095""]",,"[""https://www.tierheim-gesucht.de/tierheime/haren""]",Haren,"[""[]""]",,https://tierheim-gesucht.de/tierheime/niedersachsen
1427,yes,no,yes,formatting: street number fused with postcode,LIST,1,Tierheim Borkum,Upholmstraße 8026757 Borkum,"[""04922 990084""]",,"[""https://www.tierheim-gesucht.de/tierheime/borkum""]",Borkum,"[""[]""]",,https://tierheim-gesucht.de/tierheime/niedersachsen
1446,yes,no,yes,,LIST,1,Förderverein Eifeltierheim e.V.,"Postfach 13, 54503 Wittlich",,,"[""https://www.tierheim-gesucht.de/tierschutzvereine/wittlich""]",Wittlich,"[""[]""]",,https://tierheim-gesucht.de/tierheime/rheinland-pfalz
1494,yes,no,yes,formatting: street number fused with postcode,LIST,1,Tierheim Wittenberg,Belziger Chaussee 1806886 Lutherstadt Wittenberg,"[""03491 7949232""]",,"[""https://www.tierheim-gesucht.de/tierheime/lutherstadt-wittenberg""]",Lutherstadt Wittenberg,"[""[]""]",,https://tierheim-gesucht.de/tierheime/sachsen-anhalt
1539,yes,yes,no,no contact: town only,LIST,1,Wildnis im Herzen Eppendorf,09575 Eppendorf,,,,Eppendorf,"[""[\""Rehkitze\"", \""verletzte Rehe\"", \""F\\u00fcchse (Welpen bzw. Jungtiere)\"", \""Waschb\\u00e4ren (Welpen bzw. Jungtiere)\""]""]",,https://wildtierschutz-deutschland.de/wildtier-notfall/wildtierauffangstationen-dresden-chemnitz-leipzig-sachsen
1567,yes,yes,yes,,LIST,1,NABU Greif- und Eulenstation Rüdershausen,27356 Rotenburg/Wümme,"[""04261 15 13""]",,,Niedersachsen,"[""[\""Eulen\""]""]",,https://wildtierschutz-deutschland.de/wildtier-notfall/wildtierauffangstationen-schleswig-holstein-bremen-hamburg
1574,yes,yes,no,no contact: town only,LIST,1,Igel und Eichhörnchen private Pflegestelle,29303 Bergen,,,,Bremen,"[""[\""Igel\"", \""Eichh\\u00f6rnchen\""]""]",,https://wildtierschutz-deutschland.de/wildtier-notfall/wildtierauffangstationen-schleswig-holstein-bremen-hamburg
1626,yes,yes,yes,,LIST,1,Vogelschutzwarte Storchenhof Loburg e.V.,39279 Loburg,"[""039245 2516 2274""]",,"[""https://www.storchenhof-loburg.de/startseite.html""]",,"[""[\""St\\u00f6rche und andere Schreitv\\u00f6gel\"", \""Greifv\\u00f6gel und sonstige Gro\\u00dfv\\u00f6gel\""]""]",,https://wildtierschutz-deutschland.de/wildtier-notfall/wildtierauffangstationen-hannover-goettingen-niedersachsen
1646,yes,yes,yes,formatting: phone left in description,LIST,1,Private Pflegestelle für Kleinsäuger,46282 Dorsten,,,,NRW,"[""[\""Igel\"", \""V\\u00f6gel\""]""]","Private Pflegestelle für Kleinsäuger ,Igel, Vögel M: 0177 237 65 31",https://wildtierschutz-deutschland.de/wildtier-notfall/wildtierauffangstationen-nrw-nordrhein-westfalen
1653,yes,yes,yes,,LIST,1,Greifvogelhilfe Münsterland,48231 Warendorf,,"[""info@gvhm.de""]","[""https://greifvogelhilfe-muensterland.de""]",NRW,"[""[\""Greifv\\u00f6gel\"", \""Falken\"", \""Eulen\""]""]","Greifvogelhilfe Münsterland (https://greifvogelhilfe-muensterland.de): Greifvögel, Falken und Eulen M: 0160 30 33 333 info@gvhm.de (mailto:info@gvhm.de)",https://wildtierschutz-deutschland.de/wildtier-notfall/wildtierauffangstationen-nrw-nordrhein-westfalen
1684,yes,yes,no,no contact: town only,LIST,1,Mareikes Pappelstation (Kausen),57520 Kausen,,,,Kausen,"[""[\""Eichh\\u00f6rnchen\""]""]",,https://wildtierschutz-deutschland.de/wildtier-notfall/wildtierauffangstationen-rheinland-pfalz-saarland-nrw
1701,yes,yes,yes,,LIST,1,Private Pflegestation Steffi Kruse,65510 Idstein,,"[""steffi-kruse@gmx.net""]",,Idstein,"[""[\""Flederm\\u00e4use\"", \""Bilche\"", \""Kleinnager\""]""]",,https://wildtierschutz-deutschland.de/wildtier-notfall/wildtierauffangstationen-hessen-rheinland-pfalz-saarland
1706,yes,yes,yes,,LIST,1,Wildtierauffangstation Eppelborn,66571 Eppelborn,"[""0681 9712 839""]",,"[""http://www.nabu-nk.de/pages/infos_pdf/Wildtierauffangstationleserlich.pdf""]",Eppelborn,"[""[\""S\\u00e4ugetiere\""]""]",,https://wildtierschutz-deutschland.de/wildtier-notfall/wildtierauffangstationen-hessen-rheinland-pfalz-saarland
1730,yes,yes,yes,,LIST,1,Ehrenamtliche Wildvogelhilfe e.V. Lampertheim,68623 Lampertheim,,,"[""https://ehrenamtliche-wildvogelhilfe.de/""]",Lampertheim,"[""[\""kleine Insektenfresser\"", \""Maisen\"", \""Rotschw\\u00e4nzchen\"", \""Schwalben\"", \""Spechte\"", \""Eisv\\u00f6gel\""]""]",,https://wildtierschutz-deutschland.de/wildtier-notfall/wildtierauffangstationen-hessen-rheinland-pfalz-saarland
1758,yes,yes,yes,,LIST,1,Störche Station Freiburg,79112 Freiburg,"[""07664 4644""]",,,Baden-Württemberg,"[""[\""St\\u00f6rche\""]""]",,https://wildtierschutz-deutschland.de/wildtier-notfall/wildtierauffangstationen-baden-wuerttemberg-stuttgart-tuebingen
1770,unsure,unsure,yes,"scope: advice line, takes no animals",LIST,1,Igelstation Weilheim,82380 Peißenberg,"[""0881 1359 142""]",,,,"[""[]""]",Igelberatung KEINE Aufnahme,https://wildtierschutz-deutschland.de/wildtier-notfall/wildtierauffangstationen-bayern-muenchen
1787,yes,yes,yes,,LIST|STATION,2,Eichhörnchenhilfe,89231 Neu-Ulm,,,"[""https://www.eichhoernchenhilfe-neu-ulm.de/"", ""https://www.instagram.com/eichhoernchenhilfe_ulm_neuulm/""]",,"[""[]"", ""[\""Eichh\\u00f6rnchen\""]""]","Wir sind eine private, auf Eichhörnchen spezialisierte Auffangstation und Pflegestelle in Neu-Ulm. In Not geratene Tiere werden bei uns liebevoll und sachkundig betreut, bis sie schließlich wieder ausgewildert werden können. Für die tierärztliche Versorgung besteht eine enge Kooperation mit einer Kleintierpraxis in der Nähe. Wir besitzen die Sachkunde nach §11 des Tierschutzgesetzes.",https://eichhoernchenhilfe-neu-ulm.de/ https://wildtierschutz-deutschland.de/wildtier-notfall/wildtierauffangstationen-bayern-muenchen
1814,yes,yes,no,no contact: town only,LIST,1,Wildtierhilfe-Spessart Sandra Herr,97785 Mittelsinn,,,,,"[""[\""Eichh\\u00f6rnchen\""]""]",,https://wildtierschutz-deutschland.de/wildtier-notfall/wildtierauffangstationen-bayern-franken-thueringen
1825,yes,yes,yes,,SHELTER,1,Igelhilfe Schwaben e.V.,Nibelungenring 40,"[""0821/467569""]",,"[""https://www.igelhilfe-schwaben.de/""]",,"[""[\""\""]""]",,https://igelhilfe-schwaben.de/kontakt-and-spendenkonto
1863,yes,yes,yes,,LIST,1,Rehkitzrettung Buchen e. V.,Buchen,,,"[""https://www.rehkitzrettung-buchen.de/""]",,"[""[]""]",,https://kitzrettung-hilfe.de/kitzretter-baden-wuerttemberg
1873,yes,yes,yes,,LIST,1,Rehkitzrettung Rhein-Neckar,Gaiberg,,,"[""http://rehkitzrettung-rhein-neckar.de/""]",,"[""[]""]",,https://kitzrettung-hilfe.de/kitzretter-baden-wuerttemberg
1885,yes,yes,yes,,LIST,1,Naturlandstiftung Baden,Kehl,,,"[""https://www.naturlandstiftung.org/kitzrettung""]",,"[""[]""]",,https://kitzrettung-hilfe.de/kitzretter-baden-wuerttemberg
1899,yes,yes,yes,,LIST,1,Rehkitzrettung Öschbachtal,Mössingen,,,"[""https://www.facebook.com/rehkitzrettung.oeschbachtal""]",,"[""[]""]",,https://kitzrettung-hilfe.de/kitzretter-baden-wuerttemberg
1904,yes,yes,yes,,LIST,1,Tierrettung Unterland e. V.,Neckarsulm,,,"[""https://www.tierrettung-unterland.de/""]",,"[""[]""]",,https://kitzrettung-hilfe.de/kitzretter-baden-wuerttemberg
1923,yes,yes,yes,,LIST,1,Rehkitzrettung Mangfalltal e. V.,Bad Aibling,,,"[""https://www.rehkitzrettungmangfalltal.de/de/startseite.html""]",,"[""[]""]",,https://kitzrettung-hilfe.de/kitzretter-bayern
1959,yes,yes,yes,,LIST,1,Kitzrettung Hegering Taufkirchen/Vils e. V.,Kirchberg,,,"[""http://www.kitzrettung-taufkirchen.de/""]",,"[""[]""]",,https://kitzrettung-hilfe.de/kitzretter-bayern
1967,yes,yes,yes,,LIST,1,Zusamtaler Kitzretter e. V.,Laugna,,,"[""https://www.zusamtaler-kitzretter.de/""]",,"[""[]""]",,https://kitzrettung-hilfe.de/kitzretter-bayern
1973,yes,yes,yes,,LIST,1,Kitzrettung Jedelhausen e. V. i. G.,Neu-Ulm,,,"[""https://www.kitzrettung-jedelhausen.de/""]",,"[""[]""]",,https://kitzrettung-hilfe.de/kitzretter-bayern
1976,yes,yes,no,no contact: town only,LIST,1,Kitzrettung Müschberch und Umgebung e. V.,Niedermirsberg,,,,,"[""[]""]",,https://kitzrettung-hilfe.de/kitzretter-bayern
1985,yes,yes,yes,,LIST,1,Rehkitzrettung Niederlausitz e. V.,Luckau,,,"[""https://rehkitzrettung-niederlausitz.de/""]",,"[""[]""]",,https://kitzrettung-hilfe.de/kitzretter-brandenburg
1996,yes,yes,yes,,LIST,1,Kitzrettung Wehner,Calden,,"[""Kitzrettung.Wehner@gmail.com""]",,,"[""[]""]",,https://kitzrettung-hilfe.de/kitzretter-hessen
2023,yes,yes,yes,,LIST,1,Tierschutzinitiative Odenwald e. V.,Odenwald,,,"[""https://www.tierschutzinitiative-odenwald.de/ueber-uns/tierschutzinitiative-odenwald/kitzrettung/""]",,"[""[]""]",,https://kitzrettung-hilfe.de/kitzretter-hessen
2107,yes,yes,no,no contact: town only,LIST,1,Kitzrettung Krummhörn e. V.,Krummhörn,,,,,"[""[]""]",,https://kitzrettung-hilfe.de/kitzretter-niedersachsen
2114,yes,yes,yes,,LIST,1,Kitzrettung Moormerland e. V.,Moormerland,,,"[""https://www.kitzrettung-moormerland.de/""]",,"[""[]""]",,https://kitzrettung-hilfe.de/kitzretter-niedersachsen
2164,yes,yes,yes,,LIST,1,Kitzrettung Unna & Umland e. V.,Unna,,,"[""https://kitzrettung-unna.de/""]",,"[""[]""]",,https://kitzrettung-hilfe.de/kitzretter-nordrhein-westfalen
2173,yes,yes,yes,"name: a place, not the organisation",LIST,1,Innsbruck,,,,"[""https://rehkitzrettung.at/""]",,"[""[]""]",Rehkitzrettung AT,https://kitzrettung-hilfe.de/kitzretter-oesterreich
2175,yes,yes,yes,"name: a place, not the organisation",LIST,1,Leoben,,,,"[""https://www.kitzrettung-leoben.at/""]",,"[""[]""]",Kitzrettung Leoben,https://kitzrettung-hilfe.de/kitzretter-oesterreich
2206,yes,yes,yes,,LIST,1,Feld-Wald-Wiesen-Westpfalz e. V.,Weilerbach,,,"[""https://feldwaldwiesenwestpfalz.com/""]",,"[""[]""]",,https://kitzrettung-hilfe.de/kitzretter-rheinland-pfalz
2216,yes,yes,yes,,LIST,2,Tierschutzverein Gera,Gera,,,"[""https://rehkitzretter-gera.de/""]",,"[""[]""]",,https://kitzrettung-hilfe.de/kitzretter-sachsen-anhalt https://kitzrettung-hilfe.de/kitzretter-thueringen
2228,yes,yes,yes,,LIST,1,Kitzrettung Mittelsachen e. V.,Freiberg,,,"[""https://kitzrettung-mittelsachsen.de/""]",,"[""[\""Rehkitz\""]""]",,https://kitzrettung-hilfe.de/kitzretter-sachsen
2242,yes,yes,yes,,LIST,1,Wildtierhilfe Bönningstedt e. V.,Bönningstedt,,,"[""https://www.xn--wildtierhilfebnningstedt-yoc.de/""]",,"[""[]""]",,https://kitzrettung-hilfe.de/kitzretter-schleswig-holstein
2243,yes,yes,yes,,LIST,1,Kitzrettung Dägeling e. V.,Dägeling,,,"[""https://kitzrettung-daegeling.de/""]",,"[""[]""]",,https://kitzrettung-hilfe.de/kitzretter-schleswig-holstein
2265,yes,yes,no,no contact: town only,LIST,1,Kitzrettung Aspe e. V.,Hohenaspe,,,,,"[""[]""]",,https://kitzrettung-hilfe.de/kitzretter-schleswig-holstein
2277,yes,yes,yes,,LIST,1,Team Rehkitzrettung e. V.,Looft,,,"[""https://www.team-rehkitzrettung.de/""]",,"[""[]""]",,https://kitzrettung-hilfe.de/kitzretter-schleswig-holstein
2281,yes,yes,yes,,LIST|STATION,3,Wildtierrettung Angeln Nord e. V.,"Ruhnmark 4, 24975 Maasbüll",,"[""wildtierrettung-angeln-nord@web.de""]","[""https://wildtierrettung-angeln-nord.de"", ""https://wildtierrettung-angeln-nord.de/""]",,"[""[\""Rehkitz\"", \""Jungwild\""]"", ""[]""]","Der vermeintliche Schutz des hohen Grases, in dem sich das Rehkitz instinktiv vor der drohenden Gefahr beim Mähen weg ducken will, wird ihm schnell zum tödlichen Verhängnis. Viele dieser Unfälle, von denen jährlich tausende passieren, lassen sich weitgehend vermeiden, wenn Landwirte, Jäger und Hilfskräfte gemeinsam ein paar Vorkehrungen treffen. Doch dafür müssen sie dringend zusammenarbeiten.",https://kitzrettung-hilfe.de/kitzretter-schleswig-holstein https://wildtierrettung-angeln-nord.de/ https://wildtierrettung-angeln-nord.de/kontakt
2307,unsure,unsure,yes,scope: commercial drone operator,LIST,1,Rehkitzrettung.ch,Flurlingen,"[""+49 (0) 176-24821017""]","[""booking@nicopter.net""]","[""https://rehkitzrettung.ch/""]",Flurlingen,"[""[]""]",,https://kitzrettung-hilfe.de/kitzretter-schweiz
2324,yes,yes,yes,,LIST,1,Rehkitzrettung Kanton Bern,Trub,,,"[""https://rehkitzrettung-bern.ch/de/home""]",Kanton Bern,"[""[]""]",,https://kitzrettung-hilfe.de/kitzretter-schweiz
2365,yes,yes,yes,,STATION,2,Rehkitzrettung Marcardsmoor,"Poststraße 55, 26639 Wiesmoor","[""0162 6478119""]","[""kontakt@rehkitzrettung-macardsmoor.de""]","[""https://rehkitzrettung-marcardsmoor.de/""]",Marcardsmoor,"[""[\""Rehkitze\""]"", ""[]""]","Der Verein ``Rehkitzrettung Marcardsmoor`` benötigt viele Helfer beim Suchen der Rehkitze vor der Mahd. Das Projekt konzentriert sich auf die Rettung von Wildtieren (insbesondere Rehkitzen) im Umkreis von Marcardsmoor, um sie vor dem Tod durch Mähmaschinen zu schützen.",https://rehkitzrettung-marcardsmoor.de/ https://rehkitzrettung-marcardsmoor.de/kontakt
2445,unsure,unsure,yes,scope: commercial drone operator,LIST,1,Lamstedt - TS-Drohne,"Große Straße 5
21769 Lamstedt",,"[""info@ts-drohne.de""]","[""https://ts-drohne.de/""]",,"[""[]""]",,https://kitzrettung-hilfe.de/drohnenpiloten-niedersachsen
2448,yes,yes,yes,name: place prefix,LIST,1,Neulehe - Wild und Rehkitzrettung Neulehe e. V.,26909 Neulehe,,"[""andrejansen3@gmx.de""]",,,"[""[]""]",,https://kitzrettung-hilfe.de/drohnenpiloten-niedersachsen
2491,yes,yes,yes,name: place prefix,LIST,1,Linnich - Rehkitzrettung Stadtgebiet Linnich,52511 Linnich,,"[""rehkitzrettung.linnich@gmail.com""]",,75 km,"[""[]""]",,https://kitzrettung-hilfe.de/drohnenpiloten-nordrhein-westfalen
2534,yes,yes,yes,,LIST,2,Vogelopvang de Wulp,,,,"[""http://vogelopvangdewulp.nl/?page_id=12""]",,"[""[]""]",,http://greifvogelhilfe.de/index.php/links http://greifvogelhilfe.de/links
2538,yes,yes,yes,,LIST,2,Vogelasiel Bergen Limburg,,,,"[""http://www.vogelasielbergen.nl/?Contact""]",,"[""[]""]",,http://greifvogelhilfe.de/index.php/links http://greifvogelhilfe.de/links
2541,yes,yes,yes,,LIST,2,VZW Opvangcentrum Voor Merelbeke,,,,"[""http://www.vocmerelbeke.be/contact/wegbeschrijving""]",,"[""[]""]",,http://greifvogelhilfe.de/index.php/links http://greifvogelhilfe.de/links
2579,yes,yes,yes,,LIST,2,Wildlifecenterflorida,,,,"[""http://www.wildlifecenterflorida.org/emergency-contacts/""]",,"[""[]""]",,http://greifvogelhilfe.de/index.php/links http://greifvogelhilfe.de/links
2581,yes,no,yes,,LIST,2,Exotic Animal Hospital of Orlando,,,,"[""https://www.orlandoexoticveterinarian.com/""]",,"[""[]""]",,http://greifvogelhilfe.de/index.php/links http://greifvogelhilfe.de/links
2582,yes,yes,yes,,LIST,2,Back to Nature Wildlife Refuge,,,,"[""http://www.btnwildlife.org/contact-us/""]",,"[""[]""]",,http://greifvogelhilfe.de/index.php/links http://greifvogelhilfe.de/links
2602,no,no,no,not an organisation: link label for a map search,LIST,2,Tierkliniken/Tierärzte in Chile,,,,"[""https://www.google.de/maps/search/veterinaria+chile/@-28.0808744,-58.2896677,7135740m/data=!3m1!1e3""]",,"[""[]""]",,http://greifvogelhilfe.de/index.php/links http://greifvogelhilfe.de/links
2620,yes,yes,yes,,STATION,1,Grupo Brinzal para la defensa del medio ambiente natural,,"[""914794565""]","[""brinzal@brinzal.org""]","[""https://brinzal.org/""]",,"[""[]""]","Somos una organización sin ánimo de lucro, declarada de Utilidad Pública, dedicada a la conservación, el estudio y la recuperación de la biodiversidad desde 1986.",http://brinzal.org/
2650,unsure,unsure,yes,name: generic heading,LIST,1,Centre régional,34 av. E.A. Marcel - 12100 MILLAU,"[""05.65.59.09.87""]",,,"Midi-Pyrénées | 09, 11, 12, 30, 34, 48, 66, 81","[""[\""faune europ\\u00e9enne\""]""]",,http://reptilvar.free.fr/centre.htm
2665,unsure,unsure,yes,name: contact person heading,LIST,1,Contact : DESESQUELLES,11 rue du Croq - 60183 FRANCASTEL,"[""03.44.46.90.01""]",,,Picardie | 60,"[""[\""relais\""]""]",,http://reptilvar.free.fr/centre.htm
2677,yes,yes,yes,,STATION,3,Storchenstation | Natur- und Vogelschutz Möhlin,"Leigrubenstrasse 14, 4313 Möhlin","[""+41 77 456 21 35""]","[""d.matti@gmx.ch""]","[""https://moehlin-natur.ch/"", ""https://moehlin-natur.ch"", ""https://moehlin-natur.ch/storchenstation/""]",,"[""[]""]","Die Storchenstation befindet sich in Möhlin im Ortsteil Riburg. Direkt neben einem grossen Kinderspielplatz gelegen, ist die Storchenstation ein ideales Ausflugsziel auch für Familien mit Kindern.",http://moehlin-natur.ch/storchenstation https://moehlin-natur.ch/kontakt https://moehlin-natur.ch/lage-und-kontakt
2705,yes,no,yes,,LIST,2,Tierheim & Tierhotel Arche,Chur,"[""081 353 19 29""]","[""tierpflege@tierheim-chur.ch""]","[""http://www.tierpflege@tierheim-chur.ch/""]",Chur,"[""[\""Animals\""]"", ""[\""hedgehogs\""]""]",,http://pro-igel.ch/fr/herissons-en-detresse http://pro-igel.ch/igel-in-not
2722,yes,yes,yes,,STATION,1,Igelhilfe Hinwil,,,"[""igelhilfehinwil@gmail.com""]",,,"[""[\""Igel\""]""]","Hilfe für kranke, verletzte oder Baby Igel. Wir pflegen kranke oder verletzte Igel. Das Ziel dabei muss sein, dass der Igel wieder ausgewildert wird und selbständig überleben kann.",http://igelhilfe-hinwil.ch/
2747,yes,yes,yes,,STATION,3,Wildvogelpflegestation,"Rorschacher Strasse 263, 9016 St.Gallen","[""+41 76 441 34 23""]","[""info@wildvogelpflegestation.ch""]","[""https://wildvogelpflegestation.ch/""]",St.Gallen und der weiteren Umgebung,"[""[\""Wildv\\u00f6gel\""]"", ""[]""]","Die Stiftung Wildvogelpflegestation St.Gallen rettet, pflegt und wildert verletzte sowie hilfsbedürftige Wildvögel in St.Gallen und der weiteren Umgebung wieder aus. Unsere Arbeit wird ausschliesslich durch Spenden finanziert.",http://wildvogelpflegestation.ch/ https://wildvogelpflegestation.ch/kontakt https://wildvogelpflegestation.ch/stiftungszweck
2758,no,no,yes,off-topic organisation: pet registry,LIST,12,TASSO e.V.,,"[""+49 6190 937300""]","[""info@tasso.net"", ""presse@tasso.net""]","[""https://www.tasso.net"", ""https://www.tasso.net/""]",Germany,"[""[]"", ""[\""Hunde\"", \""Katzen\"", \""Kleintiere\""]""]","TASSO is a German animal protection organization specializing in the return of lost pets to their owners. They operate a national pet register (Tierregister) where owners can register their pets for life using microchip or tattoo numbers. TASSO provides services such as issuing identification tags, managing lost and found reports via an online portal, and offering support for international pet rescue operations. They do not take in animals to shelter them but focus on reuniting lost pets with their families.",http://tasso.net/Ihre-Spende/Spendengeschichten http://tasso.net/Kontakt http://tasso.net/Service/Bestellungen-und-Downloads/Ehrenamtliche-Helfer http://tasso.net/Service/Bestellungen-und-Downloads/Tieraerzte http://tasso.net/Service/Bestellungen-und-Downloads/Tierheime-TSO http://tasso.net/Service/Fragen-und-Antworten http://tasso.net/Service/Gesundheit-und-Recht/Tier-und-Recht http://tasso.net/Tierregister http://tasso.net/Tierregister/Das-TASSO-Prinzip http://tasso.net/Tierregister/Das-TASSO-
2779,yes,no,yes,,LIST,1,Tierschutzverein Zug Tierheim Riedmatt,6319 Allenwinden,"[""041 711 00 33""]","[""info@tsvzug.ch""]",,Kanton Zug,"[""[]""]",,http://stmz.ch/de/adressen/kantonale-meldestellen
2780,no,no,yes,off-topic organisation: authority reporting office,LIST,1,Meldestelle für Findeltiere des Kantons Zürich,"Postfach, 8090 Zürich","[""0848 848 244""]","[""findeltiere@veta.zh.ch""]",,Kanton Zürich,"[""[]""]",,http://stmz.ch/de/adressen/kantonale-meldestellen
2789,no,no,yes,"off-topic listing: microchip vets directory, Costa Rica",LIST,1,Cats&Dogs Clinica Veterinaria,Santa Lucía,"[""22384503""]","[""vetcatsanddogs@gmail.com""]","[""https://red.chip247.com""]",Barva,"[""[]""]",,http://red.chip247.com/donde_chipear_mi_mascota.php?pais=227&provincia=1440
2800,no,no,yes,"off-topic listing: microchip vets directory, Costa Rica",LIST,1,Criadero Famke PA,Heredia Mercedes Norte,"[""+50660612160""]","[""criaderofamkepa@hotmail.com""]","[""https://red.chip247.com""]",De la soda Asia 25 metros este,"[""[]""]",,http://red.chip247.com/donde_chipear_mi_mascota.php?pais=227&provincia=1440
2801,no,no,yes,"off-topic listing: microchip vets directory, Costa Rica",LIST,1,Centro Veterinario  Cota Sucursal #2,de la biblioteca publica de San Joaquin de Flores  100 este,"[""22656106""]","[""mascotacv.cr@gmail.com""]","[""https://red.chip247.com""]",Flores /San Joaquin / Heredia,"[""[]""]",,http://red.chip247.com/donde_chipear_mi_mascota.php?pais=227&provincia=1440
2802,no,no,yes,"off-topic listing: microchip vets directory, Costa Rica",LIST,3,ALTAVET,Barreal,"[""88713451""]","[""gerencia@bark-go.com"", ""recepcion@altavetcr.com"", ""gerencia@altavetcr.com""]","[""https://red.chip247.com""]",Heredia,"[""[]""]",,http://red.chip247.com/donde_chipear_mi_mascota.php?pais=227&provincia=1440
2806,no,no,yes,"off-topic listing: microchip vets directory, Costa Rica",LIST,2,Clinica Veterinaria Dra.Andrea Guillen A.,"San Pablo, Heredia","[""22378650"", ""83204799""]","[""aguillenarmijo@gmail.com"", ""bogantes87@gmail.com""]","[""https://red.chip247.com""]",Heredia,"[""[]""]",,http://red.chip247.com/donde_chipear_mi_mascota.php?pais=227&provincia=1440
2870,no,no,yes,"off-topic listing: microchip vets directory, Costa Rica",LIST,1,JACO VETCENTER,"Pueblo Nuevo, 300m despues del puente a mano derecha","[""83742683""]","[""veteyei.1978@gmail.com""]","[""https://red.chip247.com""]","Jacó, Puntarenas","[""[]""]",,http://red.chip247.com/donde_chipear_mi_mascota.php?pais=227&provincia=1442
2895,no,no,yes,"off-topic listing: microchip vets directory, Costa Rica",LIST,3,Centro Agrícola Cantonal Guacimo,Río Jiménez,"[""88939391"", ""27996166"", ""88379341""]","[""angecastilloe22@gmail.com"", ""Colonopetguacimo@grupocolono.com"", ""rocicave@yahoo.com.mx""]","[""https://red.chip247.com""]",Guácimo,"[""[]""]",,http://red.chip247.com/donde_chipear_mi_mascota.php?pais=227&provincia=1443
2897,no,no,yes,"off-topic listing: microchip vets directory, Costa Rica",LIST,1,Goicochea Veterinaria dr varela,Purral Guadalupe 150 Metros al Este De La Iglesia Casa #290,"[""87098647""]","[""Vetvarelacastillo@gmail.com""]","[""https://red.chip247.com""]",Goicochea,"[""[]""]",,http://red.chip247.com/donde_chipear_mi_mascota.php?pais=227&provincia=1443
2914,no,no,yes,"off-topic listing: microchip vets directory, Costa Rica",LIST,1,"Limón, Talamanca Centro Veterinario Bienestar Animal",Urb. Santa Eduviges,"[""27586105""]","[""gwiasdkita@yahoo.es""]","[""https://red.chip247.com""]","Limon, Talamanca","[""[]""]",,http://red.chip247.com/donde_chipear_mi_mascota.php?pais=227&provincia=1443
2929,no,no,yes,off-topic listing: charity certification,LIST,1,Zewo,"Pfingstweidstrasse 10, 8005 Zürich, Schweiz","[""+41 44 366 99 55""]",,"[""https://zewo.ch/de/""]",,"[""[]""]",,https://zewo.ch/de/neu-zertifiziert
2944,no,no,yes,off-topic listing: work camps,LIST,4,Offene Häuser,Goetheplatz 9 BD-99423 Weimar,"[""03643 50 23 90"", ""03643502390""]","[""info@openhouses.de""]","[""http://www.openhouses.de/BegegnungUndBildung/InternationaleJugendbegegnungen""]","Deutschland, Europa","[""[]""]","Die Wurzeln von Offene Häuser liegen in der Mitte der 80er Jahre, als junge Menschen in der Region zwischen Leipzig, Halle und Weimar begannen, in ehrenamtlicher Arbeit kaum noch genutzte Dorfkirchen vor dem Verfall zu bewahren. Um die auf dauerhafte und nachhaltige Belebung von Baudenkmalen zielende Orientierung auch nach außen hin stärker zu verdeutlichen, gründete sich das Netzwerk Offene Häuser, das anfangs als rechtlich unselbständige Gruppierung des Unabhängigen Arbeitskreises Denkmalpflege bestanden hatte,1990 als eigenständiger Verein.",https://eu-central-1.protection.sophos.com/?d=workcamps.org&h=e0f0308b09974fa8ab095995eaef4640&i=NjJiMWExNDhhZjgxNTcxMTUzMGZjNjRm&s=AVNPUEhUT0NFTkNSWVBUSVb6ZaJrvSZWFL1RPf9jPa4Joqb4P5h_Re_6qL51HhvuQyTCzM6l6KgcD7uzbcET0Io&t=MHRjb1dNQjYzcXMvUVhucjhEMGdDT2swZXVCdi9JQjZsdjNYWEdqaG5Icz0%3D&u=aHR0cDovL3d3dy53b3JrY2FtcHMub3JnLw%3D%3D https://workcamps.org/ https://workcamps.org/camps-suchen https://workcamps.org/organisationen
2973,no,no,no,off-topic listing: social services map,LIST,1,# Sportbund Eisenach e.V.,,,,"[""https://landkarte.mobilee-plattform.de/organisationen/sportbund-eisenach-e-v""]",,"[""[]""]","Im Rahmen des mobilen Dienstes „Sport und Bewegung Nord“ nutzen wir die verbindende Kraft von Bewegung und Spiel, um junge Menschen in ihrer persönlichen, sozialen und schulischen Entwicklung zu stärken. Unsere Angebote richten sich an Kinder und Jugendliche, die besondere Unterstützung benötigen – sei es aufgrund sozialer Benachteiligung, schulischer Herausforderungen oder individueller Belastungen.",https://landkarte.mobilee-plattform.de/
3016,no,no,no,off-topic listing: volunteer-service providers,LIST,1,Mecklenburg-VorpommernÖBFDInternationale Jugendgemeinschaftsdienste (ijgd) Landesverein Mecklenburg-Vorpommern e.V.,,,,"[""https://oeko-freiwillig.de/traeger/ijgd-mecklenburg-vorpommern/""]",Mecklenburg-Vorpommern,"[""[]""]",,https://oeko-freiwillig.de/beratung-in-deiner-region
3021,no,no,no,off-topic listing: volunteer-service providers,LIST,1,SachsenÖBFDKonzeptwerk Neue Ökonomie e.V.,,,,"[""https://oeko-freiwillig.de/traeger/knoe/""]",Sachsen,"[""[]""]",,https://oeko-freiwillig.de/beratung-in-deiner-region
3061,no,no,yes,off-topic listing: Belgian student guidance centres,LIST,1,CLB GO! Mechelen,Augustijnenstraat nr. 80 - 2800 Mechelen,"[""015 45 32 32""]","[""info@clbmechelen.be""]","[""http://www.clbmechelen.be/""]",Mechelen,"[""[]""]",,https://onderwijskiezer.be/v2/clb/clb.php
3072,no,no,yes,off-topic listing: Belgian student guidance centres,LIST,1,Vrij CLB Limburg - afd. Beringen (hoofdzetel Regio West),Sint-Catharinastraat 8 - 3580 Beringen,"[""011 45 63 10""]","[""beringen@vrijclblimburg.be""]","[""http://www.vclblimburg.be/""]",Beringen,"[""[]""]",,https://onderwijskiezer.be/v2/clb/clb.php
3093,no,no,yes,off-topic listing: Belgian student guidance centres,LIST,1,CLB GO! Dender,Zonnestraat 25 - 9300 Aalst,"[""053 46 95 00""]","[""info@clbaalst.be""]","[""http://www.clbaalst.be/""]",Aalst,"[""[]""]",,https://onderwijskiezer.be/v2/clb/clb.php
3097,no,no,yes,off-topic listing: Belgian student guidance centres,LIST,1,Vrij CLB Zuid-Oost-Vlaanderen,Burgschelde 7 - 9700 Oudenaarde,"[""055 31 38 62""]","[""info@vrijclbzov.be""]","[""http://www.vclbzov.be/""]",Oudenaarde,"[""[]""]",,https://onderwijskiezer.be/v2/clb/clb.php
